{
    "A1": 8.608695652173905,
    "A2": 8.130434782608688
}