{
    "A1": 9.362318840579706,
    "A2": 9.07246376811594
}