{
    "simple_wm_result": {
        "rouge-1": 0.3797434454400236,
        "rouge-2": 0.26738365048584906,
        "rouge-l": 0.3753417019826836,
        "rouge_avg": 0.34082293263618535,
        "BLUE": 0.15614921911209634
    },
    "simple_wom_result": {
        "rouge-1": 0.3858906774090159,
        "rouge-2": 0.2691762871819001,
        "rouge-l": 0.3760005649862335,
        "rouge_avg": 0.34368917652571646,
        "BLUE": 0.15093372878544212
    },
    "complex_wm_result": {
        "rouge-1": 0.3835006302329675,
        "rouge-2": 0.16894662592821325,
        "rouge-l": 0.3288467083814277,
        "rouge_avg": 0.29376465484753617,
        "BLUE": 0.10037188596350725
    },
    "complex_wom_result": {
        "rouge-1": 0.38981320489413485,
        "rouge-2": 0.1655276913108678,
        "rouge-l": 0.3275544766436292,
        "rouge_avg": 0.2942984576162106,
        "BLUE": 0.10249464198141298
    }
}