{
    "simple_wm_result": {
        "rouge-1": 0.34911700924612993,
        "rouge-2": 0.2315543844460805,
        "rouge-l": 0.34119129946299215,
        "rouge_avg": 0.3072875643850675,
        "BLUE": 0.12825700765221681
    },
    "simple_wom_result": {
        "rouge-1": 0.3863864069719402,
        "rouge-2": 0.2755214437352669,
        "rouge-l": 0.3804076035323515,
        "rouge_avg": 0.34743848474651956,
        "BLUE": 0.15052518422599442
    },
    "complex_wm_result": {
        "rouge-1": 0.3540389809222601,
        "rouge-2": 0.15199502655246522,
        "rouge-l": 0.3083693599700462,
        "rouge_avg": 0.2714677891482572,
        "BLUE": 0.08013877876795901
    },
    "complex_wom_result": {
        "rouge-1": 0.3667445440323763,
        "rouge-2": 0.14951019543033384,
        "rouge-l": 0.3078838206028182,
        "rouge_avg": 0.27471285335517615,
        "BLUE": 0.08181560983903484
    }
}