{
    "A1": 8.686868686868683,
    "A2": 8.313131313131308
}