{
    "A1": 9.323232323232325,
    "A2": 9.464646464646464
}